{
    "Accuracy": 0.8739130434782608,
    "F1_Score": 0.888030888030888,
    "Precision_Score": 0.905511811023622,
    "Recall_Score": 0.8712121212121212,
    "AUC_Score": 0.8743815708101422
}