{
    "Accuracy": 0.8782608695652174,
    "F1_Score": 0.8923076923076924,
    "Precision_Score": 0.90625,
    "Recall_Score": 0.8787878787878788,
    "AUC_Score": 0.8781694495980211
}