{
    "Accuracy": 0.8739130434782608,
    "F1_Score": 0.8888888888888888,
    "Precision_Score": 0.8992248062015504,
    "Recall_Score": 0.8787878787878788,
    "AUC_Score": 0.8730674087816945
}