{
    "Accuracy": 0.8521739130434782,
    "F1_Score": 0.8671875,
    "Precision_Score": 0.8951612903225806,
    "Recall_Score": 0.8409090909090909,
    "AUC_Score": 0.8541280148423005
}