{
    "Accuracy": 0.8695652173913043,
    "F1_Score": 0.8872180451127819,
    "Precision_Score": 0.8805970149253731,
    "Recall_Score": 0.8939393939393939,
    "AUC_Score": 0.8653370439084727
}