{
    "Accuracy": 0.8695652173913043,
    "F1_Score": 0.8863636363636364,
    "Precision_Score": 0.8863636363636364,
    "Recall_Score": 0.8863636363636364,
    "AUC_Score": 0.8666512059369201
}