{
    "Accuracy": 0.8782608695652174,
    "F1_Score": 0.8947368421052632,
    "Precision_Score": 0.8880597014925373,
    "Recall_Score": 0.9015151515151515,
    "AUC_Score": 0.8742269635126776
}