{
    "Accuracy": 0.8782608695652174,
    "F1_Score": 0.8955223880597015,
    "Precision_Score": 0.8823529411764706,
    "Recall_Score": 0.9090909090909091,
    "AUC_Score": 0.8729128014842301
}